time;geo country;cluster;powertrain;relative sales
1976;France;7;BEV;0
1976;France;7;CNG;0
1976;France;7;Diesel;0,073469268
1976;France;7;FCEV;0
1976;France;7;G-HEV;0
1976;France;7;G-PHEV;0
1976;France;7;Gasoline;0,926530732
1976;France;7;LPG;0
1976;France;7;D-HEV;0
1977;France;7;BEV;0
1977;France;7;CNG;0
1977;France;7;Diesel;0,073469268
1977;France;7;FCEV;0
1977;France;7;G-HEV;0
1977;France;7;G-PHEV;0
1977;France;7;Gasoline;0,926530732
1977;France;7;LPG;0
1977;France;7;D-HEV;0
1978;France;7;BEV;0
1978;France;7;CNG;0
1978;France;7;Diesel;0,073469268
1978;France;7;FCEV;0
1978;France;7;G-HEV;0
1978;France;7;G-PHEV;0
1978;France;7;Gasoline;0,926530732
1978;France;7;LPG;0
1978;France;7;D-HEV;0
1979;France;7;BEV;0
1979;France;7;CNG;0
1979;France;7;Diesel;0,073469268
1979;France;7;FCEV;0
1979;France;7;G-HEV;0
1979;France;7;G-PHEV;0
1979;France;7;Gasoline;0,926530732
1979;France;7;LPG;0
1979;France;7;D-HEV;0
1980;France;7;BEV;0
1980;France;7;CNG;0
1980;France;7;Diesel;0,099314436
1980;France;7;FCEV;0
1980;France;7;G-HEV;0
1980;France;7;G-PHEV;0
1980;France;7;Gasoline;0,900685564
1980;France;7;LPG;0
1980;France;7;D-HEV;0
1981;France;7;BEV;0
1981;France;7;CNG;0
1981;France;7;Diesel;0,117331627
1981;France;7;FCEV;0
1981;France;7;G-HEV;0
1981;France;7;G-PHEV;0
1981;France;7;Gasoline;0,882668373
1981;France;7;LPG;0
1981;France;7;D-HEV;0
1982;France;7;BEV;0
1982;France;7;CNG;0
1982;France;7;Diesel;0,107614917
1982;France;7;FCEV;0
1982;France;7;G-HEV;0
1982;France;7;G-PHEV;0
1982;France;7;Gasoline;0,892385083
1982;France;7;LPG;0
1982;France;7;D-HEV;0
1983;France;7;BEV;0
1983;France;7;CNG;0
1983;France;7;Diesel;0,095068588
1983;France;7;FCEV;0
1983;France;7;G-HEV;0
1983;France;7;G-PHEV;0
1983;France;7;Gasoline;0,904931412
1983;France;7;LPG;0
1983;France;7;D-HEV;0
1984;France;7;BEV;0
1984;France;7;CNG;0
1984;France;7;Diesel;0,136752968
1984;France;7;FCEV;0
1984;France;7;G-HEV;0
1984;France;7;G-PHEV;0
1984;France;7;Gasoline;0,863247032
1984;France;7;LPG;0
1984;France;7;D-HEV;0
1985;France;7;BEV;0
1985;France;7;CNG;0
1985;France;7;Diesel;0,149891187
1985;France;7;FCEV;0
1985;France;7;G-HEV;0
1985;France;7;G-PHEV;0
1985;France;7;Gasoline;0,850108813
1985;France;7;LPG;0
1985;France;7;D-HEV;0
1986;France;7;BEV;0
1986;France;7;CNG;0
1986;France;7;Diesel;0,156642276
1986;France;7;FCEV;0
1986;France;7;G-HEV;0
1986;France;7;G-PHEV;0
1986;France;7;Gasoline;0,843357724
1986;France;7;LPG;0
1986;France;7;D-HEV;0
1987;France;7;BEV;0
1987;France;7;CNG;0
1987;France;7;Diesel;0,182460882
1987;France;7;FCEV;0
1987;France;7;G-HEV;0
1987;France;7;G-PHEV;0
1987;France;7;Gasoline;0,817539118
1987;France;7;LPG;0
1987;France;7;D-HEV;0
1988;France;7;BEV;0
1988;France;7;CNG;0
1988;France;7;Diesel;0,235610687
1988;France;7;FCEV;0
1988;France;7;G-HEV;0
1988;France;7;G-PHEV;0
1988;France;7;Gasoline;0,764389313
1988;France;7;LPG;0
1988;France;7;D-HEV;0
1989;France;7;BEV;0
1989;France;7;CNG;0
1989;France;7;Diesel;0,298176983
1989;France;7;FCEV;0
1989;France;7;G-HEV;0
1989;France;7;G-PHEV;0
1989;France;7;Gasoline;0,701823017
1989;France;7;LPG;0
1989;France;7;D-HEV;0
1990;France;7;BEV;0
1990;France;7;CNG;0
1990;France;7;Diesel;0,330017799
1990;France;7;FCEV;0
1990;France;7;G-HEV;0
1990;France;7;G-PHEV;0
1990;France;7;Gasoline;0,669982201
1990;France;7;LPG;0
1990;France;7;D-HEV;0
1991;France;7;BEV;0
1991;France;7;CNG;0
1991;France;7;Diesel;0,384251952
1991;France;7;FCEV;0
1991;France;7;G-HEV;0
1991;France;7;G-PHEV;0
1991;France;7;Gasoline;0,615748048
1991;France;7;LPG;0
1991;France;7;D-HEV;0
1992;France;7;BEV;0
1992;France;7;CNG;0
1992;France;7;Diesel;0,389722183
1992;France;7;FCEV;0
1992;France;7;G-HEV;0
1992;France;7;G-PHEV;0
1992;France;7;Gasoline;0,610277817
1992;France;7;LPG;0
1992;France;7;D-HEV;0
1993;France;7;BEV;0
1993;France;7;CNG;0
1993;France;7;Diesel;0,455051121
1993;France;7;FCEV;0
1993;France;7;G-HEV;0
1993;France;7;G-PHEV;0
1993;France;7;Gasoline;0,544948879
1993;France;7;LPG;0
1993;France;7;D-HEV;0
1994;France;7;BEV;0
1994;France;7;CNG;0
1994;France;7;Diesel;0,476427061
1994;France;7;FCEV;0
1994;France;7;G-HEV;0
1994;France;7;G-PHEV;0
1994;France;7;Gasoline;0,523572939
1994;France;7;LPG;0
1994;France;7;D-HEV;0
1995;France;7;BEV;0
1995;France;7;CNG;0
1995;France;7;Diesel;0,465007066
1995;France;7;FCEV;0
1995;France;7;G-HEV;0
1995;France;7;G-PHEV;0
1995;France;7;Gasoline;0,534992934
1995;France;7;LPG;0
1995;France;7;D-HEV;0
1996;France;7;BEV;0
1996;France;7;CNG;0
1996;France;7;Diesel;0,392354266
1996;France;7;FCEV;0
1996;France;7;G-HEV;0
1996;France;7;G-PHEV;0
1996;France;7;Gasoline;0,607645734
1996;France;7;LPG;0
1996;France;7;D-HEV;0
1997;France;7;BEV;0
1997;France;7;CNG;0
1997;France;7;Diesel;0,418051639
1997;France;7;FCEV;0
1997;France;7;G-HEV;0
1997;France;7;G-PHEV;0
1997;France;7;Gasoline;0,581948361
1997;France;7;LPG;0
1997;France;7;D-HEV;0
1998;France;7;BEV;0
1998;France;7;CNG;0
1998;France;7;Diesel;0,401832623
1998;France;7;FCEV;0
1998;France;7;G-HEV;0
1998;France;7;G-PHEV;0
1998;France;7;Gasoline;0,598167377
1998;France;7;LPG;0
1998;France;7;D-HEV;0
1999;France;7;BEV;0
1999;France;7;CNG;0
1999;France;7;Diesel;0,441016038
1999;France;7;FCEV;0
1999;France;7;G-HEV;0
1999;France;7;G-PHEV;0
1999;France;7;Gasoline;0,558983962
1999;France;7;LPG;0
1999;France;7;D-HEV;0
2000;France;7;BEV;0
2000;France;7;CNG;0
2000;France;7;Diesel;0,490413256
2000;France;7;FCEV;0
2000;France;7;G-HEV;0
2000;France;7;G-PHEV;0
2000;France;7;Gasoline;0,509586744
2000;France;7;LPG;0
2000;France;7;D-HEV;0
2001;France;7;BEV;0,0002
2001;France;7;CNG;0
2001;France;7;Diesel;0,56
2001;France;7;FCEV;0
2001;France;7;G-HEV;0
2001;France;7;G-PHEV;0
2001;France;7;Gasoline;0,4398
2001;France;7;LPG;0
2001;France;7;D-HEV;0
2002;France;7;BEV;0,0001
2002;France;7;CNG;0
2002;France;7;Diesel;0,63
2002;France;7;FCEV;0
2002;France;7;G-HEV;0
2002;France;7;G-PHEV;0
2002;France;7;Gasoline;0,3699
2002;France;7;LPG;0
2002;France;7;D-HEV;0
2003;France;7;BEV;0,0001
2003;France;7;CNG;0
2003;France;7;Diesel;0,67
2003;France;7;FCEV;0
2003;France;7;G-HEV;0
2003;France;7;G-PHEV;0
2003;France;7;Gasoline;0,3299
2003;France;7;LPG;0
2003;France;7;D-HEV;0
2004;France;7;BEV;0,0002
2004;France;7;CNG;0
2004;France;7;Diesel;0,69
2004;France;7;FCEV;0
2004;France;7;G-HEV;0
2004;France;7;G-PHEV;0
2004;France;7;Gasoline;0,3098
2004;France;7;LPG;0
2004;France;7;D-HEV;0
2005;France;7;BEV;0
2005;France;7;CNG;0
2005;France;7;Diesel;0,69
2005;France;7;FCEV;0
2005;France;7;G-HEV;0,001
2005;France;7;G-PHEV;0
2005;France;7;Gasoline;0,309
2005;France;7;LPG;0
2005;France;7;D-HEV;0
2006;France;7;BEV;0
2006;France;7;CNG;0
2006;France;7;Diesel;0,71
2006;France;7;FCEV;0
2006;France;7;G-HEV;0,003
2006;France;7;G-PHEV;0
2006;France;7;Gasoline;0,287
2006;France;7;LPG;0
2006;France;7;D-HEV;0
2007;France;7;BEV;0
2007;France;7;CNG;0
2007;France;7;Diesel;0,741482966
2007;France;7;FCEV;0
2007;France;7;G-HEV;0,003006012
2007;France;7;G-PHEV;0
2007;France;7;Gasoline;0,255511022
2007;France;7;LPG;0
2007;France;7;D-HEV;0
2008;France;7;BEV;0
2008;France;7;CNG;0
2008;France;7;Diesel;0,771543086
2008;France;7;FCEV;0
2008;France;7;G-HEV;0,004008016
2008;France;7;G-PHEV;0
2008;France;7;Gasoline;0,224448898
2008;France;7;LPG;0
2008;France;7;D-HEV;0
2009;France;7;BEV;0
2009;France;7;CNG;0,0001
2009;France;7;Diesel;0,700700701
2009;France;7;FCEV;0
2009;France;7;G-HEV;0,004004004
2009;France;7;G-PHEV;0
2009;France;7;Gasoline;0,295195295
2009;France;7;LPG;0
2009;France;7;D-HEV;0
2010;France;7;BEV;0,0001002
2010;France;7;CNG;0,0002
2010;France;7;Diesel;0,701402806
2010;France;7;FCEV;0
2010;France;7;G-HEV;0,004008016
2010;France;7;G-PHEV;0
2010;France;7;Gasoline;0,294288978
2010;France;7;LPG;0
2010;France;7;D-HEV;0
2011;France;7;BEV;0,001078235
2011;France;7;CNG;0,0001
2011;France;7;Diesel;0,722166499
2011;France;7;FCEV;0
2011;France;7;G-HEV;0,006018054
2011;France;7;G-PHEV;0,000125376
2011;France;7;Gasoline;0,270511836
2011;France;7;LPG;0
2011;France;7;D-HEV;0
2012;France;7;BEV;0,002961847
2012;France;7;CNG;0,000100402
2012;France;7;Diesel;0,732931727
2012;France;7;FCEV;0
2012;France;7;G-HEV;0,013052209
2012;France;7;G-PHEV;0,000251004
2012;France;7;Gasoline;0,250702811
2012;France;7;LPG;0
2012;France;7;D-HEV;0
2013;France;7;BEV;0,0047
2013;France;7;CNG;0,0018
2013;France;7;Diesel;0,66
2013;France;7;FCEV;0
2013;France;7;G-HEV;0,026
2013;France;7;G-PHEV;0,0005
2013;France;7;Gasoline;0,307
2013;France;7;LPG;0
2013;France;7;D-HEV;0
2014;France;7;BEV;0,005995204
2014;France;7;CNG;0,0015
2014;France;7;Diesel;0,629496403
2014;France;7;FCEV;0
2014;France;7;G-HEV;0,022981615
2014;France;7;G-PHEV;0,000999201
2014;France;7;Gasoline;0,339027577
2014;France;7;LPG;0
2014;France;7;D-HEV;0
2015;France;7;BEV;0,008996401
2015;France;7;CNG;0,0009
2015;France;7;Diesel;0,569772091
2015;France;7;FCEV;0
2015;France;7;G-HEV;0,021991204
2015;France;7;G-PHEV;0,0019992
2015;France;7;Gasoline;0,396141104
2015;France;7;LPG;0,0002
2015;France;7;D-HEV;0
2016;France;7;BEV;0,0110011
2016;France;7;CNG;0,0006
2016;France;7;Diesel;0,520052005
2016;France;7;FCEV;0
2016;France;7;G-HEV;0,0240024
2016;France;7;G-PHEV;0,0040004
2016;France;7;Gasoline;0,440044095
2016;France;7;LPG;0,0003
2016;France;7;D-HEV;0
2017;France;7;BEV;0,011995453
2017;France;7;CNG;0,0001
2017;France;7;Diesel;0,469821928
2017;France;7;FCEV;0
2017;France;7;G-HEV;0,029988634
2017;France;7;G-PHEV;0,005997727
2017;France;7;Gasoline;0,481596258
2017;France;7;LPG;0,0005
2017;France;7;D-HEV;0
2018;France;7;BEV;0,014014014
2018;France;7;CNG;0,0001
2018;France;7;Diesel;0,39039039
2018;France;7;FCEV;0
2018;France;7;G-HEV;0,037037037
2018;France;7;G-PHEV;0,006006006
2018;France;7;Gasoline;0,551452553
2018;France;7;LPG;0,001
2018;France;7;D-HEV;0
2019;France;7;BEV;0,019095849
2019;France;7;CNG;0,0001
2019;France;7;Diesel;0,351765643
2019;France;7;FCEV;0
2019;France;7;G-HEV;0,036181609
2019;France;7;G-PHEV;0,008040358
2019;France;7;Gasoline;0,583916541
2019;France;7;LPG;0,0009
2019;France;7;D-HEV;0
2020;France;7;BEV;0,067
2020;France;7;CNG;0,000181807
2020;France;7;Diesel;0,32
2020;France;7;FCEV;0
2020;France;7;G-HEV;0,052
2020;France;7;G-PHEV;0,045
2020;France;7;Gasoline;0,509318193
2020;France;7;LPG;0,0065
2020;France;7;D-HEV;0
2021;France;7;BEV;0,095
2021;France;7;CNG;0,000120555
2021;France;7;Diesel;0,25
2021;France;7;FCEV;0
2021;France;7;G-HEV;0,085
2021;France;7;G-PHEV;0,081
2021;France;7;Gasoline;0,467679445
2021;France;7;LPG;0,0212
2021;France;7;D-HEV;0
2022;France;7;BEV;0,059078575
2022;France;7;CNG;0
2022;France;7;D-HEV;0
2022;France;7;Diesel;0,22819993
2022;France;7;FCEV;0
2022;France;7;G-HEV;0,081771295
2022;France;7;G-PHEV;0,064727892
2022;France;7;Gasoline;0,566222307
2022;France;7;LPG;0
2023;France;7;BEV;0,120334462
2023;France;7;CNG;0
2023;France;7;D-HEV;0
2023;France;7;Diesel;0,188293872
2023;France;7;FCEV;0
2023;France;7;G-HEV;0,144216756
2023;France;7;G-PHEV;0,06136336
2023;France;7;Gasoline;0,48579155
2023;France;7;LPG;0
2024;France;7;BEV;0,187314645
2024;France;7;CNG;0
2024;France;7;D-HEV;0
2024;France;7;Diesel;0,148407536
2024;France;7;FCEV;0
2024;France;7;G-HEV;0,106642266
2024;France;7;G-PHEV;0,079232986
2024;France;7;Gasoline;0,478402568
2024;France;7;LPG;0
2025;France;7;BEV;0,264488667
2025;France;7;CNG;0
2025;France;7;D-HEV;0
2025;France;7;Diesel;0,108540901
2025;France;7;FCEV;0
2025;France;7;G-HEV;0,046389874
2025;France;7;G-PHEV;0,075114385
2025;France;7;Gasoline;0,505466173
2025;France;7;LPG;0
2026;France;7;BEV;0,420150433
2026;France;7;CNG;0
2026;France;7;D-HEV;0
2026;France;7;Diesel;0,068693949
2026;France;7;FCEV;0,000922405
2026;France;7;G-HEV;0,096856312
2026;France;7;G-PHEV;0,088291096
2026;France;7;Gasoline;0,325085806
2026;France;7;LPG;0
2027;France;7;BEV;0,447581107
2027;France;7;CNG;0
2027;France;7;D-HEV;0
2027;France;7;Diesel;0,02886666
2027;France;7;FCEV;0,001081151
2027;France;7;G-HEV;0,034621873
2027;France;7;G-PHEV;0,066695293
2027;France;7;Gasoline;0,421153915
2027;France;7;LPG;0
2028;France;7;BEV;0,553094938
2028;France;7;CNG;0
2028;France;7;D-HEV;0
2028;France;7;Diesel;0
2028;France;7;FCEV;0,000748828
2028;France;7;G-HEV;0,001698808
2028;France;7;G-PHEV;0,067354986
2028;France;7;Gasoline;0,37710244
2028;France;7;LPG;0
2029;France;7;BEV;0,637580765
2029;France;7;CNG;0
2029;France;7;D-HEV;0
2029;France;7;Diesel;0
2029;France;7;FCEV;0,000922405
2029;France;7;G-HEV;0,001698808
2029;France;7;G-PHEV;0,060066514
2029;France;7;Gasoline;0,299731508
2029;France;7;LPG;0
2030;France;7;BEV;0,711535397
2030;France;7;CNG;0
2030;France;7;D-HEV;0
2030;France;7;Diesel;0
2030;France;7;FCEV;0,001017346
2030;France;7;G-HEV;0
2030;France;7;G-PHEV;0,018963141
2030;France;7;Gasoline;0,268484116
2030;France;7;LPG;0
2031;France;7;BEV;0,812160955
2031;France;7;CNG;0
2031;France;7;D-HEV;0
2031;France;7;Diesel;0
2031;France;7;FCEV;0,001081151
2031;France;7;G-HEV;0
2031;France;7;G-PHEV;0
2031;France;7;Gasoline;0,186757893
2031;France;7;LPG;0
2032;France;7;BEV;0,855916817
2032;France;7;CNG;0
2032;France;7;D-HEV;0
2032;France;7;Diesel;0
2032;France;7;FCEV;0,001081151
2032;France;7;G-HEV;0
2032;France;7;G-PHEV;0
2032;France;7;Gasoline;0,143002031
2032;France;7;LPG;0
2033;France;7;BEV;0,885200512
2033;France;7;CNG;0
2033;France;7;D-HEV;0
2033;France;7;Diesel;0
2033;France;7;FCEV;0,001242078
2033;France;7;G-HEV;0
2033;France;7;G-PHEV;0
2033;France;7;Gasoline;0,113557411
2033;France;7;LPG;0
2034;France;7;BEV;0,936369906
2034;France;7;CNG;0
2034;France;7;D-HEV;0
2034;France;7;Diesel;0
2034;France;7;FCEV;0,001636319
2034;France;7;G-HEV;0
2034;France;7;G-PHEV;0
2034;France;7;Gasoline;0,061993776
2034;France;7;LPG;0
2035;France;7;BEV;0,998299876
2035;France;7;CNG;0
2035;France;7;D-HEV;0
2035;France;7;Diesel;0
2035;France;7;FCEV;0,001700124
2035;France;7;G-HEV;0
2035;France;7;G-PHEV;0
2035;France;7;Gasoline;0
2035;France;7;LPG;0
2036;France;7;BEV;0,998299876
2036;France;7;CNG;0
2036;France;7;D-HEV;0
2036;France;7;Diesel;0
2036;France;7;FCEV;0,001700124
2036;France;7;G-HEV;0
2036;France;7;G-PHEV;0
2036;France;7;Gasoline;0
2036;France;7;LPG;0
2037;France;7;BEV;0,997855655
2037;France;7;CNG;0
2037;France;7;D-HEV;0
2037;France;7;Diesel;0
2037;France;7;FCEV;0,002144345
2037;France;7;G-HEV;0
2037;France;7;G-PHEV;0
2037;France;7;Gasoline;0
2037;France;7;LPG;0
2038;France;7;BEV;0,997673627
2038;France;7;CNG;0
2038;France;7;D-HEV;0
2038;France;7;Diesel;0
2038;France;7;FCEV;0,002326373
2038;France;7;G-HEV;0
2038;France;7;G-PHEV;0
2038;France;7;Gasoline;0
2038;France;7;LPG;0
2039;France;7;BEV;0,997673627
2039;France;7;CNG;0
2039;France;7;D-HEV;0
2039;France;7;Diesel;0
2039;France;7;FCEV;0,002326373
2039;France;7;G-HEV;0
2039;France;7;G-PHEV;0
2039;France;7;Gasoline;0
2039;France;7;LPG;0
2040;France;7;BEV;0,995939025
2040;France;7;CNG;0
2040;France;7;D-HEV;0
2040;France;7;Diesel;0
2040;France;7;FCEV;0,004060975
2040;France;7;G-HEV;0
2040;France;7;G-PHEV;0
2040;France;7;Gasoline;0
2040;France;7;LPG;0
1976;Italy;3;BEV;0
1976;Italy;3;CNG;0,000318187
1976;Italy;3;Diesel;0,100536719
1976;Italy;3;FCEV;0
1976;Italy;3;G-HEV;0
1976;Italy;3;G-PHEV;0
1976;Italy;3;Gasoline;0,898894231
1976;Italy;3;LPG;0,000250863
1976;Italy;3;D-HEV;0
1977;Italy;3;BEV;0
1977;Italy;3;CNG;0,000318187
1977;Italy;3;Diesel;0,100536719
1977;Italy;3;FCEV;0
1977;Italy;3;G-HEV;0
1977;Italy;3;G-PHEV;0
1977;Italy;3;Gasoline;0,898894231
1977;Italy;3;LPG;0,000250863
1977;Italy;3;D-HEV;0
1978;Italy;3;BEV;0
1978;Italy;3;CNG;0,000318187
1978;Italy;3;Diesel;0,100536719
1978;Italy;3;FCEV;0
1978;Italy;3;G-HEV;0
1978;Italy;3;G-PHEV;0
1978;Italy;3;Gasoline;0,898894231
1978;Italy;3;LPG;0,000250863
1978;Italy;3;D-HEV;0
1979;Italy;3;BEV;0
1979;Italy;3;CNG;0,000318187
1979;Italy;3;Diesel;0,100536719
1979;Italy;3;FCEV;0
1979;Italy;3;G-HEV;0
1979;Italy;3;G-PHEV;0
1979;Italy;3;Gasoline;0,898894231
1979;Italy;3;LPG;0,000250863
1979;Italy;3;D-HEV;0
1980;Italy;3;BEV;0
1980;Italy;3;CNG;0,000318187
1980;Italy;3;Diesel;0,100536719
1980;Italy;3;FCEV;0
1980;Italy;3;G-HEV;0
1980;Italy;3;G-PHEV;0
1980;Italy;3;Gasoline;0,898894231
1980;Italy;3;LPG;0,000250863
1980;Italy;3;D-HEV;0
1981;Italy;3;BEV;0
1981;Italy;3;CNG;0,000318187
1981;Italy;3;Diesel;0,100536719
1981;Italy;3;FCEV;0
1981;Italy;3;G-HEV;0
1981;Italy;3;G-PHEV;0
1981;Italy;3;Gasoline;0,898894231
1981;Italy;3;LPG;0,000250863
1981;Italy;3;D-HEV;0
1982;Italy;3;BEV;0
1982;Italy;3;CNG;0,000318187
1982;Italy;3;Diesel;0,100536719
1982;Italy;3;FCEV;0
1982;Italy;3;G-HEV;0
1982;Italy;3;G-PHEV;0
1982;Italy;3;Gasoline;0,898894231
1982;Italy;3;LPG;0,000250863
1982;Italy;3;D-HEV;0
1983;Italy;3;BEV;0
1983;Italy;3;CNG;0,000318187
1983;Italy;3;Diesel;0,100536719
1983;Italy;3;FCEV;0
1983;Italy;3;G-HEV;0
1983;Italy;3;G-PHEV;0
1983;Italy;3;Gasoline;0,898894231
1983;Italy;3;LPG;0,000250863
1983;Italy;3;D-HEV;0
1984;Italy;3;BEV;0
1984;Italy;3;CNG;0,000318187
1984;Italy;3;Diesel;0,100536719
1984;Italy;3;FCEV;0
1984;Italy;3;G-HEV;0
1984;Italy;3;G-PHEV;0
1984;Italy;3;Gasoline;0,898894231
1984;Italy;3;LPG;0,000250863
1984;Italy;3;D-HEV;0
1985;Italy;3;BEV;0
1985;Italy;3;CNG;0,000318187
1985;Italy;3;Diesel;0,100536719
1985;Italy;3;FCEV;0
1985;Italy;3;G-HEV;0
1985;Italy;3;G-PHEV;0
1985;Italy;3;Gasoline;0,898894231
1985;Italy;3;LPG;0,000250863
1985;Italy;3;D-HEV;0
1986;Italy;3;BEV;0
1986;Italy;3;CNG;0,000318187
1986;Italy;3;Diesel;0,100536719
1986;Italy;3;FCEV;0
1986;Italy;3;G-HEV;0
1986;Italy;3;G-PHEV;0
1986;Italy;3;Gasoline;0,898894231
1986;Italy;3;LPG;0,000250863
1986;Italy;3;D-HEV;0
1987;Italy;3;BEV;0
1987;Italy;3;CNG;0,000318187
1987;Italy;3;Diesel;0,100536719
1987;Italy;3;FCEV;0
1987;Italy;3;G-HEV;0
1987;Italy;3;G-PHEV;0
1987;Italy;3;Gasoline;0,898894231
1987;Italy;3;LPG;0,000250863
1987;Italy;3;D-HEV;0
1988;Italy;3;BEV;0
1988;Italy;3;CNG;0,000318187
1988;Italy;3;Diesel;0,100536719
1988;Italy;3;FCEV;0
1988;Italy;3;G-HEV;0
1988;Italy;3;G-PHEV;0
1988;Italy;3;Gasoline;0,898894231
1988;Italy;3;LPG;0,000250863
1988;Italy;3;D-HEV;0
1989;Italy;3;BEV;0
1989;Italy;3;CNG;0,000318187
1989;Italy;3;Diesel;0,100536719
1989;Italy;3;FCEV;0
1989;Italy;3;G-HEV;0
1989;Italy;3;G-PHEV;0
1989;Italy;3;Gasoline;0,898894231
1989;Italy;3;LPG;0,000250863
1989;Italy;3;D-HEV;0
1990;Italy;3;BEV;0
1990;Italy;3;CNG;0,000318187
1990;Italy;3;Diesel;0,100536719
1990;Italy;3;FCEV;0
1990;Italy;3;G-HEV;0
1990;Italy;3;G-PHEV;0
1990;Italy;3;Gasoline;0,898894231
1990;Italy;3;LPG;0,000250863
1990;Italy;3;D-HEV;0
1991;Italy;3;BEV;0
1991;Italy;3;CNG;0,000318187
1991;Italy;3;Diesel;0,100536719
1991;Italy;3;FCEV;0
1991;Italy;3;G-HEV;0
1991;Italy;3;G-PHEV;0
1991;Italy;3;Gasoline;0,898894231
1991;Italy;3;LPG;0,000250863
1991;Italy;3;D-HEV;0
1992;Italy;3;BEV;0
1992;Italy;3;CNG;0,000318187
1992;Italy;3;Diesel;0,100536719
1992;Italy;3;FCEV;0
1992;Italy;3;G-HEV;0
1992;Italy;3;G-PHEV;0
1992;Italy;3;Gasoline;0,898894231
1992;Italy;3;LPG;0,000250863
1992;Italy;3;D-HEV;0
1993;Italy;3;BEV;0
1993;Italy;3;CNG;0,000318187
1993;Italy;3;Diesel;0,100536719
1993;Italy;3;FCEV;0
1993;Italy;3;G-HEV;0
1993;Italy;3;G-PHEV;0
1993;Italy;3;Gasoline;0,898894231
1993;Italy;3;LPG;0,000250863
1993;Italy;3;D-HEV;0
1994;Italy;3;BEV;0
1994;Italy;3;CNG;0,000318187
1994;Italy;3;Diesel;0,100536719
1994;Italy;3;FCEV;0
1994;Italy;3;G-HEV;0
1994;Italy;3;G-PHEV;0
1994;Italy;3;Gasoline;0,898894231
1994;Italy;3;LPG;0,000250863
1994;Italy;3;D-HEV;0
1995;Italy;3;BEV;0
1995;Italy;3;CNG;0,000318187
1995;Italy;3;Diesel;0,100536719
1995;Italy;3;FCEV;0
1995;Italy;3;G-HEV;0
1995;Italy;3;G-PHEV;0
1995;Italy;3;Gasoline;0,898894231
1995;Italy;3;LPG;0,000250863
1995;Italy;3;D-HEV;0
1996;Italy;3;BEV;0
1996;Italy;3;CNG;0,00018746
1996;Italy;3;Diesel;0,155301769
1996;Italy;3;FCEV;0
1996;Italy;3;G-HEV;0
1996;Italy;3;G-PHEV;0
1996;Italy;3;Gasoline;0,844362975
1996;Italy;3;LPG;0,000147796
1996;Italy;3;D-HEV;0
1997;Italy;3;BEV;0
1997;Italy;3;CNG;0,00015746
1997;Italy;3;Diesel;0,177292949
1997;Italy;3;FCEV;0
1997;Italy;3;G-HEV;0
1997;Italy;3;G-PHEV;0
1997;Italy;3;Gasoline;0,822425449
1997;Italy;3;LPG;0,000124143
1997;Italy;3;D-HEV;0
1998;Italy;3;BEV;0
1998;Italy;3;CNG;0,000141984
1998;Italy;3;Diesel;0,220258865
1998;Italy;3;FCEV;0
1998;Italy;3;G-HEV;0
1998;Italy;3;G-PHEV;0
1998;Italy;3;Gasoline;0,779487209
1998;Italy;3;LPG;0,000111942
1998;Italy;3;D-HEV;0
1999;Italy;3;BEV;0
1999;Italy;3;CNG;0,000167746
1999;Italy;3;Diesel;0,268408527
1999;Italy;3;FCEV;0
1999;Italy;3;G-HEV;0
1999;Italy;3;G-PHEV;0
1999;Italy;3;Gasoline;0,731291473
1999;Italy;3;LPG;0,000132254
1999;Italy;3;D-HEV;0
2000;Italy;3;BEV;0
2000;Italy;3;CNG;0,000167746
2000;Italy;3;Diesel;0,316604264
2000;Italy;3;FCEV;0
2000;Italy;3;G-HEV;0
2000;Italy;3;G-PHEV;0
2000;Italy;3;Gasoline;0,683095736
2000;Italy;3;LPG;0,000132254
2000;Italy;3;D-HEV;0
2001;Italy;3;BEV;0
2001;Italy;3;CNG;0,002796054
2001;Italy;3;Diesel;0,360036004
2001;Italy;3;FCEV;0
2001;Italy;3;G-HEV;0
2001;Italy;3;G-PHEV;0
2001;Italy;3;Gasoline;0,634963496
2001;Italy;3;LPG;0,002204446
2001;Italy;3;D-HEV;0
2002;Italy;3;BEV;0
2002;Italy;3;CNG;0,001677633
2002;Italy;3;Diesel;0,430043004
2002;Italy;3;FCEV;0
2002;Italy;3;G-HEV;0
2002;Italy;3;G-PHEV;0
2002;Italy;3;Gasoline;0,566956696
2002;Italy;3;LPG;0,001322667
2002;Italy;3;D-HEV;0
2003;Italy;3;BEV;0
2003;Italy;3;CNG;0,001677633
2003;Italy;3;Diesel;0,490049005
2003;Italy;3;FCEV;0
2003;Italy;3;G-HEV;0
2003;Italy;3;G-PHEV;0
2003;Italy;3;Gasoline;0,506950695
2003;Italy;3;LPG;0,001322667
2003;Italy;3;D-HEV;0
2004;Italy;3;BEV;0
2004;Italy;3;CNG;0,002795775
2004;Italy;3;Diesel;0,58
2004;Italy;3;FCEV;0
2004;Italy;3;G-HEV;0
2004;Italy;3;G-PHEV;0
2004;Italy;3;Gasoline;0,415
2004;Italy;3;LPG;0,002204225
2004;Italy;3;D-HEV;0
2005;Italy;3;BEV;0
2005;Italy;3;CNG;0,005592668
2005;Italy;3;Diesel;0,590118024
2005;Italy;3;FCEV;0
2005;Italy;3;G-HEV;0
2005;Italy;3;G-PHEV;0
2005;Italy;3;Gasoline;0,399879976
2005;Italy;3;LPG;0,004409333
2005;Italy;3;D-HEV;0
2006;Italy;3;BEV;0
2006;Italy;3;CNG;0,006150704
2006;Italy;3;Diesel;0,59
2006;Italy;3;FCEV;0
2006;Italy;3;G-HEV;0,001
2006;Italy;3;G-PHEV;0
2006;Italy;3;Gasoline;0,398
2006;Italy;3;LPG;0,004849296
2006;Italy;3;D-HEV;0
2007;Italy;3;BEV;0
2007;Italy;3;CNG;0,016215493
2007;Italy;3;Diesel;0,56
2007;Italy;3;FCEV;0
2007;Italy;3;G-HEV;0,001
2007;Italy;3;G-PHEV;0
2007;Italy;3;Gasoline;0,41
2007;Italy;3;LPG;0,012784507
2007;Italy;3;D-HEV;0
2008;Italy;3;BEV;0
2008;Italy;3;CNG;0,0397
2008;Italy;3;Diesel;0,51
2008;Italy;3;FCEV;0
2008;Italy;3;G-HEV;0,002
2008;Italy;3;G-PHEV;0
2008;Italy;3;Gasoline;0,417
2008;Italy;3;LPG;0,0313
2008;Italy;3;D-HEV;0
2009;Italy;3;BEV;0
2009;Italy;3;CNG;0,055413557
2009;Italy;3;Diesel;0,429403946
2009;Italy;3;FCEV;0
2009;Italy;3;G-HEV;0,003067171
2009;Italy;3;G-PHEV;0
2009;Italy;3;Gasoline;0,369082916
2009;Italy;3;LPG;0,14303241
2009;Italy;3;D-HEV;0
2010;Italy;3;BEV;0
2010;Italy;3;CNG;0,033715781
2010;Italy;3;Diesel;0,462962963
2010;Italy;3;FCEV;0
2010;Italy;3;G-HEV;0,002012882
2010;Italy;3;G-PHEV;0
2010;Italy;3;Gasoline;0,359198873
2010;Italy;3;LPG;0,142109501
2010;Italy;3;D-HEV;0
2011;Italy;3;BEV;0,0000998
2011;Italy;3;CNG;0,021851926
2011;Italy;3;Diesel;0,548792656
2011;Italy;3;FCEV;0
2011;Italy;3;G-HEV;0,002993414
2011;Italy;3;G-PHEV;0
2011;Italy;3;Gasoline;0,393933347
2011;Italy;3;LPG;0,032328876
2011;Italy;3;D-HEV;0
2012;Italy;3;BEV;0,00039976
2012;Italy;3;CNG;0,038177094
2012;Italy;3;Diesel;0,529682191
2012;Italy;3;FCEV;0
2012;Italy;3;G-HEV;0,004997002
2012;Italy;3;G-PHEV;0,0000999
2012;Italy;3;Gasoline;0,335398761
2012;Italy;3;LPG;0,091245253
2012;Italy;3;D-HEV;0
2013;Italy;3;BEV;0,000597431
2013;Italy;3;CNG;0,055262372
2013;Italy;3;Diesel;0,537687942
2013;Italy;3;FCEV;0
2013;Italy;3;G-HEV;0,010952903
2013;Italy;3;G-PHEV;0,0000996
2013;Italy;3;Gasoline;0,306780842
2013;Italy;3;LPG;0,088618939
2013;Italy;3;D-HEV;0
2014;Italy;3;BEV;0,000798563
2014;Italy;3;CNG;0,053104412
2014;Italy;3;Diesel;0,549011779
2014;Italy;3;FCEV;0
2014;Italy;3;G-HEV;0,014973049
2014;Italy;3;G-PHEV;0,0000998
2014;Italy;3;Gasoline;0,290477141
2014;Italy;3;LPG;0,091535237
2014;Italy;3;D-HEV;0
2015;Italy;3;BEV;0,000997108
2015;Italy;3;CNG;0,039784625
2015;Italy;3;Diesel;0,558380696
2015;Italy;3;FCEV;0
2015;Italy;3;G-HEV;0,015953734
2015;Italy;3;G-PHEV;0,000498554
2015;Italy;3;Gasoline;0,308106491
2015;Italy;3;LPG;0,076278792
2015;Italy;3;D-HEV;0
2016;Italy;3;BEV;0,000798961
2016;Italy;3;CNG;0,023968841
2016;Italy;3;Diesel;0,569259962
2016;Italy;3;FCEV;0
2016;Italy;3;G-HEV;0,019974034
2016;Italy;3;G-PHEV;0,000699091
2016;Italy;3;Gasoline;0,329571557
2016;Italy;3;LPG;0,055727554
2016;Italy;3;D-HEV;0
2017;Italy;3;BEV;0,001098682
2017;Italy;3;CNG;0,016580104
2017;Italy;3;Diesel;0,56931682
2017;Italy;3;FCEV;0
2017;Italy;3;G-HEV;0,029964043
2017;Italy;3;G-PHEV;0,001298442
2017;Italy;3;Gasoline;0,316620056
2017;Italy;3;LPG;0,065121854
2017;Italy;3;D-HEV;0
2018;Italy;3;BEV;0,002696764
2018;Italy;3;CNG;0,019576508
2018;Italy;3;Diesel;0,509388734
2018;Italy;3;FCEV;0
2018;Italy;3;G-HEV;0,036955653
2018;Italy;3;G-PHEV;0,002397123
2018;Italy;3;Gasoline;0,363563724
2018;Italy;3;LPG;0,065421494
2018;Italy;3;D-HEV;0
2019;Italy;3;BEV;0,005681242
2019;Italy;3;CNG;0,020493051
2019;Italy;3;Diesel;0,415948057
2019;Italy;3;FCEV;0
2019;Italy;3;G-HEV;0,039565791
2019;Italy;3;G-PHEV;0,003449325
2019;Italy;3;Gasoline;0,447397788
2019;Italy;3;LPG;0,067464746
2019;Italy;3;D-HEV;0
2020;Italy;3;BEV;0,023481215
2020;Italy;3;CNG;0,022681855
2020;Italy;3;Diesel;0,349720224
2020;Italy;3;FCEV;0
2020;Italy;3;G-HEV;0,04696243
2020;Italy;3;G-PHEV;0,019884093
2020;Italy;3;Gasoline;0,469624301
2020;Italy;3;LPG;0,067645883
2020;Italy;3;D-HEV;0
2021;Italy;3;BEV;0,046474198
2021;Italy;3;CNG;0,020219294
2021;Italy;3;Diesel;0,261543104
2021;Italy;3;FCEV;0
2021;Italy;3;G-HEV;0,070415451
2021;Italy;3;G-PHEV;0,048586661
2021;Italy;3;Gasoline;0,485866613
2021;Italy;3;LPG;0,066894679
2021;Italy;3;D-HEV;0
2022;Italy;3;BEV;0,001519481
2022;Italy;3;CNG;0,003795368
2022;Italy;3;D-HEV;0
2022;Italy;3;Diesel;0,275619015
2022;Italy;3;FCEV;0
2022;Italy;3;G-HEV;0,018784686
2022;Italy;3;G-PHEV;0,000591133
2022;Italy;3;Gasoline;0,699690317
2022;Italy;3;LPG;0
2023;Italy;3;BEV;0,023973002
2023;Italy;3;CNG;0,00086256
2023;Italy;3;D-HEV;0
2023;Italy;3;Diesel;0,21030381
2023;Italy;3;FCEV;0
2023;Italy;3;G-HEV;0,097437199
2023;Italy;3;G-PHEV;0,006254707
2023;Italy;3;Gasoline;0,661168722
2023;Italy;3;LPG;0
2024;Italy;3;BEV;0,100738924
2024;Italy;3;CNG;0
2024;Italy;3;D-HEV;0
2024;Italy;3;Diesel;0,145020883
2024;Italy;3;FCEV;0
2024;Italy;3;G-HEV;0,124179448
2024;Italy;3;G-PHEV;0,015425287
2024;Italy;3;Gasoline;0,614635457
2024;Italy;3;LPG;0
2025;Italy;3;BEV;0,054570332
2025;Italy;3;CNG;0
2025;Italy;3;D-HEV;0
2025;Italy;3;Diesel;0,079770203
2025;Italy;3;FCEV;0
2025;Italy;3;G-HEV;0,086159454
2025;Italy;3;G-PHEV;0,01696052
2025;Italy;3;Gasoline;0,762539492
2025;Italy;3;LPG;0
2026;Italy;3;BEV;0,210409185
2026;Italy;3;CNG;0
2026;Italy;3;D-HEV;0
2026;Italy;3;Diesel;0,014551737
2026;Italy;3;FCEV;0
2026;Italy;3;G-HEV;0,138827407
2026;Italy;3;G-PHEV;0,047382824
2026;Italy;3;Gasoline;0,588828846
2026;Italy;3;LPG;0
2027;Italy;3;BEV;0,269789027
2027;Italy;3;CNG;0
2027;Italy;3;D-HEV;0
2027;Italy;3;Diesel;0
2027;Italy;3;FCEV;0
2027;Italy;3;G-HEV;0,061907777
2027;Italy;3;G-PHEV;0,047926759
2027;Italy;3;Gasoline;0,620376437
2027;Italy;3;LPG;0
2028;Italy;3;BEV;0,359489487
2028;Italy;3;CNG;0
2028;Italy;3;D-HEV;0
2028;Italy;3;Diesel;0
2028;Italy;3;FCEV;0
2028;Italy;3;G-HEV;0,011564208
2028;Italy;3;G-PHEV;0,04186281
2028;Italy;3;Gasoline;0,587083495
2028;Italy;3;LPG;0
2029;Italy;3;BEV;0,412907762
2029;Italy;3;CNG;0
2029;Italy;3;D-HEV;0
2029;Italy;3;Diesel;0
2029;Italy;3;FCEV;0
2029;Italy;3;G-HEV;0,003191936
2029;Italy;3;G-PHEV;0,041809484
2029;Italy;3;Gasoline;0,542090818
2029;Italy;3;LPG;0
2030;Italy;3;BEV;0,507899108
2030;Italy;3;CNG;0
2030;Italy;3;D-HEV;0
2030;Italy;3;Diesel;0
2030;Italy;3;FCEV;0
2030;Italy;3;G-HEV;0,000345228
2030;Italy;3;G-PHEV;0,028026338
2030;Italy;3;Gasoline;0,463729326
2030;Italy;3;LPG;0
2031;Italy;3;BEV;0,570714249
2031;Italy;3;CNG;0
2031;Italy;3;D-HEV;0
2031;Italy;3;Diesel;0
2031;Italy;3;FCEV;0
2031;Italy;3;G-HEV;0
2031;Italy;3;G-PHEV;0,024263332
2031;Italy;3;Gasoline;0,405022419
2031;Italy;3;LPG;0
2032;Italy;3;BEV;0,685494541
2032;Italy;3;CNG;0
2032;Italy;3;D-HEV;0
2032;Italy;3;Diesel;0
2032;Italy;3;FCEV;0
2032;Italy;3;G-HEV;0
2032;Italy;3;G-PHEV;0,015199771
2032;Italy;3;Gasoline;0,299305689
2032;Italy;3;LPG;0
2033;Italy;3;BEV;0,841483979
2033;Italy;3;CNG;0
2033;Italy;3;D-HEV;0
2033;Italy;3;Diesel;0
2033;Italy;3;FCEV;0
2033;Italy;3;G-HEV;0
2033;Italy;3;G-PHEV;0,006531539
2033;Italy;3;Gasoline;0,151984482
2033;Italy;3;LPG;0
2034;Italy;3;BEV;0,933308474
2034;Italy;3;CNG;0
2034;Italy;3;D-HEV;0
2034;Italy;3;Diesel;0
2034;Italy;3;FCEV;0
2034;Italy;3;G-HEV;0
2034;Italy;3;G-PHEV;0,002011324
2034;Italy;3;Gasoline;0,064680202
2034;Italy;3;LPG;0
2035;Italy;3;BEV;1
2035;Italy;3;CNG;0
2035;Italy;3;D-HEV;0
2035;Italy;3;Diesel;0
2035;Italy;3;FCEV;0
2035;Italy;3;G-HEV;0
2035;Italy;3;G-PHEV;0
2035;Italy;3;Gasoline;0
2035;Italy;3;LPG;0
2036;Italy;3;BEV;1
2036;Italy;3;CNG;0
2036;Italy;3;D-HEV;0
2036;Italy;3;Diesel;0
2036;Italy;3;FCEV;0
2036;Italy;3;G-HEV;0
2036;Italy;3;G-PHEV;0
2036;Italy;3;Gasoline;0
2036;Italy;3;LPG;0
2037;Italy;3;BEV;1
2037;Italy;3;CNG;0
2037;Italy;3;D-HEV;0
2037;Italy;3;Diesel;0
2037;Italy;3;FCEV;0
2037;Italy;3;G-HEV;0
2037;Italy;3;G-PHEV;0
2037;Italy;3;Gasoline;0
2037;Italy;3;LPG;0
2038;Italy;3;BEV;0,998850263
2038;Italy;3;CNG;0
2038;Italy;3;D-HEV;0
2038;Italy;3;Diesel;0
2038;Italy;3;FCEV;0,001149737
2038;Italy;3;G-HEV;0
2038;Italy;3;G-PHEV;0
2038;Italy;3;Gasoline;0
2038;Italy;3;LPG;0
2039;Italy;3;BEV;0,998850263
2039;Italy;3;CNG;0
2039;Italy;3;D-HEV;0
2039;Italy;3;Diesel;0
2039;Italy;3;FCEV;0,001149737
2039;Italy;3;G-HEV;0
2039;Italy;3;G-PHEV;0
2039;Italy;3;Gasoline;0
2039;Italy;3;LPG;0
2040;Italy;3;BEV;0,998668461
2040;Italy;3;CNG;0
2040;Italy;3;D-HEV;0
2040;Italy;3;Diesel;0
2040;Italy;3;FCEV;0,001331539
2040;Italy;3;G-HEV;0
2040;Italy;3;G-PHEV;0
2040;Italy;3;Gasoline;0
2040;Italy;3;LPG;0
1976;Norway;5;BEV;0
1976;Norway;5;CNG;0
1976;Norway;5;Diesel;0,020160157
1976;Norway;5;FCEV;0
1976;Norway;5;G-HEV;0
1976;Norway;5;G-PHEV;0
1976;Norway;5;Gasoline;0,979839843
1976;Norway;5;LPG;0
1976;Norway;5;D-HEV;0
1977;Norway;5;BEV;0
1977;Norway;5;CNG;0
1977;Norway;5;Diesel;0,020160157
1977;Norway;5;FCEV;0
1977;Norway;5;G-HEV;0
1977;Norway;5;G-PHEV;0
1977;Norway;5;Gasoline;0,979839843
1977;Norway;5;LPG;0
1977;Norway;5;D-HEV;0
1978;Norway;5;BEV;0
1978;Norway;5;CNG;0
1978;Norway;5;Diesel;0,020160157
1978;Norway;5;FCEV;0
1978;Norway;5;G-HEV;0
1978;Norway;5;G-PHEV;0
1978;Norway;5;Gasoline;0,979839843
1978;Norway;5;LPG;0
1978;Norway;5;D-HEV;0
1979;Norway;5;BEV;0
1979;Norway;5;CNG;0
1979;Norway;5;Diesel;0,020160157
1979;Norway;5;FCEV;0
1979;Norway;5;G-HEV;0
1979;Norway;5;G-PHEV;0
1979;Norway;5;Gasoline;0,979839843
1979;Norway;5;LPG;0
1979;Norway;5;D-HEV;0
1980;Norway;5;BEV;0
1980;Norway;5;CNG;0
1980;Norway;5;Diesel;0,020160157
1980;Norway;5;FCEV;0
1980;Norway;5;G-HEV;0
1980;Norway;5;G-PHEV;0
1980;Norway;5;Gasoline;0,979839843
1980;Norway;5;LPG;0
1980;Norway;5;D-HEV;0
1981;Norway;5;BEV;0
1981;Norway;5;CNG;0
1981;Norway;5;Diesel;0,020160157
1981;Norway;5;FCEV;0
1981;Norway;5;G-HEV;0
1981;Norway;5;G-PHEV;0
1981;Norway;5;Gasoline;0,979839843
1981;Norway;5;LPG;0
1981;Norway;5;D-HEV;0
1982;Norway;5;BEV;0
1982;Norway;5;CNG;0
1982;Norway;5;Diesel;0,020160157
1982;Norway;5;FCEV;0
1982;Norway;5;G-HEV;0
1982;Norway;5;G-PHEV;0
1982;Norway;5;Gasoline;0,979839843
1982;Norway;5;LPG;0
1982;Norway;5;D-HEV;0
1983;Norway;5;BEV;0
1983;Norway;5;CNG;0
1983;Norway;5;Diesel;0,020160157
1983;Norway;5;FCEV;0
1983;Norway;5;G-HEV;0
1983;Norway;5;G-PHEV;0
1983;Norway;5;Gasoline;0,979839843
1983;Norway;5;LPG;0
1983;Norway;5;D-HEV;0
1984;Norway;5;BEV;0
1984;Norway;5;CNG;0
1984;Norway;5;Diesel;0,020160157
1984;Norway;5;FCEV;0
1984;Norway;5;G-HEV;0
1984;Norway;5;G-PHEV;0
1984;Norway;5;Gasoline;0,979839843
1984;Norway;5;LPG;0
1984;Norway;5;D-HEV;0
1985;Norway;5;BEV;0
1985;Norway;5;CNG;0
1985;Norway;5;Diesel;0,020160157
1985;Norway;5;FCEV;0
1985;Norway;5;G-HEV;0
1985;Norway;5;G-PHEV;0
1985;Norway;5;Gasoline;0,979839843
1985;Norway;5;LPG;0
1985;Norway;5;D-HEV;0
1986;Norway;5;BEV;0
1986;Norway;5;CNG;0
1986;Norway;5;Diesel;0,020160157
1986;Norway;5;FCEV;0
1986;Norway;5;G-HEV;0
1986;Norway;5;G-PHEV;0
1986;Norway;5;Gasoline;0,979839843
1986;Norway;5;LPG;0
1986;Norway;5;D-HEV;0
1987;Norway;5;BEV;0
1987;Norway;5;CNG;0
1987;Norway;5;Diesel;0,020160157
1987;Norway;5;FCEV;0
1987;Norway;5;G-HEV;0
1987;Norway;5;G-PHEV;0
1987;Norway;5;Gasoline;0,979839843
1987;Norway;5;LPG;0
1987;Norway;5;D-HEV;0
1988;Norway;5;BEV;0
1988;Norway;5;CNG;0
1988;Norway;5;Diesel;0,020160157
1988;Norway;5;FCEV;0
1988;Norway;5;G-HEV;0
1988;Norway;5;G-PHEV;0
1988;Norway;5;Gasoline;0,979839843
1988;Norway;5;LPG;0
1988;Norway;5;D-HEV;0
1989;Norway;5;BEV;0
1989;Norway;5;CNG;0
1989;Norway;5;Diesel;0,020160157
1989;Norway;5;FCEV;0
1989;Norway;5;G-HEV;0
1989;Norway;5;G-PHEV;0
1989;Norway;5;Gasoline;0,979839843
1989;Norway;5;LPG;0
1989;Norway;5;D-HEV;0
1990;Norway;5;BEV;0
1990;Norway;5;CNG;0
1990;Norway;5;Diesel;0,038090002
1990;Norway;5;FCEV;0
1990;Norway;5;G-HEV;0
1990;Norway;5;G-PHEV;0
1990;Norway;5;Gasoline;0,961909998
1990;Norway;5;LPG;0
1990;Norway;5;D-HEV;0
1991;Norway;5;BEV;0
1991;Norway;5;CNG;0
1991;Norway;5;Diesel;0,063666878
1991;Norway;5;FCEV;0
1991;Norway;5;G-HEV;0
1991;Norway;5;G-PHEV;0
1991;Norway;5;Gasoline;0,936333122
1991;Norway;5;LPG;0
1991;Norway;5;D-HEV;0
1992;Norway;5;BEV;0
1992;Norway;5;CNG;0
1992;Norway;5;Diesel;0,095394897
1992;Norway;5;FCEV;0
1992;Norway;5;G-HEV;0
1992;Norway;5;G-PHEV;0
1992;Norway;5;Gasoline;0,904605103
1992;Norway;5;LPG;0
1992;Norway;5;D-HEV;0
1993;Norway;5;BEV;0
1993;Norway;5;CNG;0
1993;Norway;5;Diesel;0,142334797
1993;Norway;5;FCEV;0
1993;Norway;5;G-HEV;0
1993;Norway;5;G-PHEV;0
1993;Norway;5;Gasoline;0,857665203
1993;Norway;5;LPG;0
1993;Norway;5;D-HEV;0
1994;Norway;5;BEV;0
1994;Norway;5;CNG;0
1994;Norway;5;Diesel;0,10189989
1994;Norway;5;FCEV;0
1994;Norway;5;G-HEV;0
1994;Norway;5;G-PHEV;0
1994;Norway;5;Gasoline;0,89810011
1994;Norway;5;LPG;0
1994;Norway;5;D-HEV;0
1995;Norway;5;BEV;0
1995;Norway;5;CNG;0
1995;Norway;5;Diesel;0,061585615
1995;Norway;5;FCEV;0
1995;Norway;5;G-HEV;0
1995;Norway;5;G-PHEV;0
1995;Norway;5;Gasoline;0,938414385
1995;Norway;5;LPG;0
1995;Norway;5;D-HEV;0
1996;Norway;5;BEV;0
1996;Norway;5;CNG;0
1996;Norway;5;Diesel;0,081247659
1996;Norway;5;FCEV;0
1996;Norway;5;G-HEV;0
1996;Norway;5;G-PHEV;0
1996;Norway;5;Gasoline;0,918752341
1996;Norway;5;LPG;0
1996;Norway;5;D-HEV;0
1997;Norway;5;BEV;0
1997;Norway;5;CNG;0
1997;Norway;5;Diesel;0,080676866
1997;Norway;5;FCEV;0
1997;Norway;5;G-HEV;0
1997;Norway;5;G-PHEV;0
1997;Norway;5;Gasoline;0,919323134
1997;Norway;5;LPG;0
1997;Norway;5;D-HEV;0
1998;Norway;5;BEV;0
1998;Norway;5;CNG;0
1998;Norway;5;Diesel;0,084534694
1998;Norway;5;FCEV;0
1998;Norway;5;G-HEV;0
1998;Norway;5;G-PHEV;0
1998;Norway;5;Gasoline;0,915465306
1998;Norway;5;LPG;0
1998;Norway;5;D-HEV;0
1999;Norway;5;BEV;0
1999;Norway;5;CNG;0
1999;Norway;5;Diesel;0,09945657
1999;Norway;5;FCEV;0
1999;Norway;5;G-HEV;0
1999;Norway;5;G-PHEV;0
1999;Norway;5;Gasoline;0,90054343
1999;Norway;5;LPG;0
1999;Norway;5;D-HEV;0
2000;Norway;5;BEV;0
2000;Norway;5;CNG;0
2000;Norway;5;Diesel;0,117138402
2000;Norway;5;FCEV;0
2000;Norway;5;G-HEV;0
2000;Norway;5;G-PHEV;0
2000;Norway;5;Gasoline;0,882861598
2000;Norway;5;LPG;0
2000;Norway;5;D-HEV;0
2001;Norway;5;BEV;0
2001;Norway;5;CNG;0
2001;Norway;5;Diesel;0,166312431
2001;Norway;5;FCEV;0
2001;Norway;5;G-HEV;0,001
2001;Norway;5;G-PHEV;0
2001;Norway;5;Gasoline;0,832687569
2001;Norway;5;LPG;0
2001;Norway;5;D-HEV;0
2002;Norway;5;BEV;0
2002;Norway;5;CNG;0
2002;Norway;5;Diesel;0,21748646
2002;Norway;5;FCEV;0
2002;Norway;5;G-HEV;0
2002;Norway;5;G-PHEV;0
2002;Norway;5;Gasoline;0,78251354
2002;Norway;5;LPG;0
2002;Norway;5;D-HEV;0
2003;Norway;5;BEV;0
2003;Norway;5;CNG;0
2003;Norway;5;Diesel;0,267660489
2003;Norway;5;FCEV;0
2003;Norway;5;G-HEV;0
2003;Norway;5;G-PHEV;0
2003;Norway;5;Gasoline;0,732339511
2003;Norway;5;LPG;0
2003;Norway;5;D-HEV;0
2004;Norway;5;BEV;0
2004;Norway;5;CNG;0
2004;Norway;5;Diesel;0,316586198
2004;Norway;5;FCEV;0
2004;Norway;5;G-HEV;0,001997803
2004;Norway;5;G-PHEV;0
2004;Norway;5;Gasoline;0,681415999
2004;Norway;5;LPG;0
2004;Norway;5;D-HEV;0
2005;Norway;5;BEV;0
2005;Norway;5;CNG;0
2005;Norway;5;Diesel;0,413101587
2005;Norway;5;FCEV;0
2005;Norway;5;G-HEV;0,006
2005;Norway;5;G-PHEV;0
2005;Norway;5;Gasoline;0,580898413
2005;Norway;5;LPG;0
2005;Norway;5;D-HEV;0
2006;Norway;5;BEV;0
2006;Norway;5;CNG;0
2006;Norway;5;Diesel;0,515979363
2006;Norway;5;FCEV;0
2006;Norway;5;G-HEV;0,006962446
2006;Norway;5;G-PHEV;0
2006;Norway;5;Gasoline;0,477058191
2006;Norway;5;LPG;0
2006;Norway;5;D-HEV;0
2007;Norway;5;BEV;0
2007;Norway;5;CNG;0
2007;Norway;5;Diesel;0,749273679
2007;Norway;5;FCEV;0
2007;Norway;5;G-HEV;0,006957445
2007;Norway;5;G-PHEV;0
2007;Norway;5;Gasoline;0,243768875
2007;Norway;5;LPG;0
2007;Norway;5;D-HEV;0
2008;Norway;5;BEV;0
2008;Norway;5;CNG;0
2008;Norway;5;Diesel;0,710004129
2008;Norway;5;FCEV;0
2008;Norway;5;G-HEV;0,023485946
2008;Norway;5;G-PHEV;0
2008;Norway;5;Gasoline;0,266509925
2008;Norway;5;LPG;0
2008;Norway;5;D-HEV;0
2009;Norway;5;BEV;0,0011
2009;Norway;5;CNG;0
2009;Norway;5;Diesel;0,71157314
2009;Norway;5;FCEV;0
2009;Norway;5;G-HEV;0,040322625
2009;Norway;5;G-PHEV;0
2009;Norway;5;Gasoline;0,247004235
2009;Norway;5;LPG;0
2009;Norway;5;D-HEV;0
2010;Norway;5;BEV;0,003
2010;Norway;5;CNG;0
2010;Norway;5;Diesel;0,734975219
2010;Norway;5;FCEV;0
2010;Norway;5;G-HEV;0,031935872
2010;Norway;5;G-PHEV;0
2010;Norway;5;Gasoline;0,230088909
2010;Norway;5;LPG;0
2010;Norway;5;D-HEV;0
2011;Norway;5;BEV;0,0145
2011;Norway;5;CNG;0
2011;Norway;5;Diesel;0,741068425
2011;Norway;5;FCEV;0
2011;Norway;5;G-HEV;0,026233335
2011;Norway;5;G-PHEV;0
2011;Norway;5;Gasoline;0,21819824
2011;Norway;5;LPG;0
2011;Norway;5;D-HEV;0
2012;Norway;5;BEV;0,0308
2012;Norway;5;CNG;0
2012;Norway;5;Diesel;0,630074028
2012;Norway;5;FCEV;0
2012;Norway;5;G-HEV;0,042759562
2012;Norway;5;G-PHEV;0,0025
2012;Norway;5;Gasoline;0,29386641
2012;Norway;5;LPG;0
2012;Norway;5;D-HEV;0
2013;Norway;5;BEV;0,0525
2013;Norway;5;CNG;0
2013;Norway;5;Diesel;0,529523429
2013;Norway;5;FCEV;0
2013;Norway;5;G-HEV;0,067
2013;Norway;5;G-PHEV;0,0033
2013;Norway;5;Gasoline;0,347676571
2013;Norway;5;LPG;0
2013;Norway;5;D-HEV;0
2014;Norway;5;BEV;0,12
2014;Norway;5;CNG;0
2014;Norway;5;Diesel;0,490686962
2014;Norway;5;FCEV;0
2014;Norway;5;G-HEV;0,069
2014;Norway;5;G-PHEV;0,0113
2014;Norway;5;Gasoline;0,309013038
2014;Norway;5;LPG;0
2014;Norway;5;D-HEV;0
2015;Norway;5;BEV;0,1611
2015;Norway;5;CNG;0
2015;Norway;5;Diesel;0,410903989
2015;Norway;5;FCEV;0,0001
2015;Norway;5;G-HEV;0,071
2015;Norway;5;G-PHEV;0,0495
2015;Norway;5;Gasoline;0,307396011
2015;Norway;5;LPG;0
2015;Norway;5;D-HEV;0
2016;Norway;5;BEV;0,1489
2016;Norway;5;CNG;0
2016;Norway;5;Diesel;0,313863178
2016;Norway;5;FCEV;0,0001
2016;Norway;5;G-HEV;0,113
2016;Norway;5;G-PHEV;0,1287
2016;Norway;5;Gasoline;0,295436822
2016;Norway;5;LPG;0
2016;Norway;5;D-HEV;0
2017;Norway;5;BEV;0,1958
2017;Norway;5;CNG;0,00030009
2017;Norway;5;Diesel;0,223845607
2017;Norway;5;FCEV;0,0003
2017;Norway;5;G-HEV;0,127
2017;Norway;5;G-PHEV;0,1738
2017;Norway;5;Gasoline;0,278954303
2017;Norway;5;LPG;0
2017;Norway;5;D-HEV;0
2018;Norway;5;BEV;0,2903
2018;Norway;5;CNG;0,00040016
2018;Norway;5;Diesel;0,162043627
2018;Norway;5;FCEV;0,0003
2018;Norway;5;G-HEV;0,105
2018;Norway;5;G-PHEV;0,1671
2018;Norway;5;Gasoline;0,274856213
2018;Norway;5;LPG;0
2018;Norway;5;D-HEV;0
2019;Norway;5;BEV;0,423437281
2019;Norway;5;CNG;0,000112456
2019;Norway;5;Diesel;0,156348344
2019;Norway;5;FCEV;0,00019996
2019;Norway;5;G-HEV;0,135234816
2019;Norway;5;G-PHEV;0,135642467
2019;Norway;5;Gasoline;0,149024677
2019;Norway;5;LPG;0
2019;Norway;5;D-HEV;0
2020;Norway;5;BEV;0,543198789
2020;Norway;5;CNG;0,0000354
2020;Norway;5;Diesel;0,080308055
2020;Norway;5;FCEV;0,0001
2020;Norway;5;G-HEV;0,112606706
2020;Norway;5;G-PHEV;0,204494456
2020;Norway;5;Gasoline;0,059256635
2020;Norway;5;LPG;0
2020;Norway;5;D-HEV;0
2021;Norway;5;BEV;0,645373721
2021;Norway;5;CNG;0
2021;Norway;5;Diesel;0,035243994
2021;Norway;5;FCEV;0,00019996
2021;Norway;5;G-HEV;0,081396033
2021;Norway;5;G-PHEV;0,216651246
2021;Norway;5;Gasoline;0,021135046
2021;Norway;5;LPG;0
2021;Norway;5;D-HEV;0
2022;Norway;5;BEV;0,780662297
2022;Norway;5;CNG;0
2022;Norway;5;D-HEV;0
2022;Norway;5;Diesel;0
2022;Norway;5;FCEV;0
2022;Norway;5;G-HEV;0,084687915
2022;Norway;5;G-PHEV;0,087818335
2022;Norway;5;Gasoline;0,046831453
2022;Norway;5;LPG;0
2023;Norway;5;BEV;0,823092652
2023;Norway;5;CNG;0
2023;Norway;5;D-HEV;0
2023;Norway;5;Diesel;0
2023;Norway;5;FCEV;0
2023;Norway;5;G-HEV;0,077195142
2023;Norway;5;G-PHEV;0,063875933
2023;Norway;5;Gasoline;0,035836274
2023;Norway;5;LPG;0
2024;Norway;5;BEV;0,891547426
2024;Norway;5;CNG;0
2024;Norway;5;D-HEV;0
2024;Norway;5;Diesel;0
2024;Norway;5;FCEV;0
2024;Norway;5;G-HEV;0,031380204
2024;Norway;5;G-PHEV;0,052231276
2024;Norway;5;Gasoline;0,024841094
2024;Norway;5;LPG;0
2025;Norway;5;BEV;0,991768444
2025;Norway;5;CNG;0
2025;Norway;5;D-HEV;0
2025;Norway;5;Diesel;0
2025;Norway;5;FCEV;0
2025;Norway;5;G-HEV;0,001912534
2025;Norway;5;G-PHEV;0,006319022
2025;Norway;5;Gasoline;0
2025;Norway;5;LPG;0
2026;Norway;5;BEV;1
2026;Norway;5;CNG;0
2026;Norway;5;D-HEV;0
2026;Norway;5;Diesel;0
2026;Norway;5;FCEV;0
2026;Norway;5;G-HEV;0
2026;Norway;5;G-PHEV;0
2026;Norway;5;Gasoline;0
2026;Norway;5;LPG;0
2027;Norway;5;BEV;1
2027;Norway;5;CNG;0
2027;Norway;5;D-HEV;0
2027;Norway;5;Diesel;0
2027;Norway;5;FCEV;0
2027;Norway;5;G-HEV;0
2027;Norway;5;G-PHEV;0
2027;Norway;5;Gasoline;0
2027;Norway;5;LPG;0
2028;Norway;5;BEV;1
2028;Norway;5;CNG;0
2028;Norway;5;D-HEV;0
2028;Norway;5;Diesel;0
2028;Norway;5;FCEV;0
2028;Norway;5;G-HEV;0
2028;Norway;5;G-PHEV;0
2028;Norway;5;Gasoline;0
2028;Norway;5;LPG;0
2029;Norway;5;BEV;1
2029;Norway;5;CNG;0
2029;Norway;5;D-HEV;0
2029;Norway;5;Diesel;0
2029;Norway;5;FCEV;0
2029;Norway;5;G-HEV;0
2029;Norway;5;G-PHEV;0
2029;Norway;5;Gasoline;0
2029;Norway;5;LPG;0
2030;Norway;5;BEV;1
2030;Norway;5;CNG;0
2030;Norway;5;D-HEV;0
2030;Norway;5;Diesel;0
2030;Norway;5;FCEV;0
2030;Norway;5;G-HEV;0
2030;Norway;5;G-PHEV;0
2030;Norway;5;Gasoline;0
2030;Norway;5;LPG;0
2031;Norway;5;BEV;1
2031;Norway;5;CNG;0
2031;Norway;5;D-HEV;0
2031;Norway;5;Diesel;0
2031;Norway;5;FCEV;0
2031;Norway;5;G-HEV;0
2031;Norway;5;G-PHEV;0
2031;Norway;5;Gasoline;0
2031;Norway;5;LPG;0
2032;Norway;5;BEV;1
2032;Norway;5;CNG;0
2032;Norway;5;D-HEV;0
2032;Norway;5;Diesel;0
2032;Norway;5;FCEV;0
2032;Norway;5;G-HEV;0
2032;Norway;5;G-PHEV;0
2032;Norway;5;Gasoline;0
2032;Norway;5;LPG;0
2033;Norway;5;BEV;1
2033;Norway;5;CNG;0
2033;Norway;5;D-HEV;0
2033;Norway;5;Diesel;0
2033;Norway;5;FCEV;0
2033;Norway;5;G-HEV;0
2033;Norway;5;G-PHEV;0
2033;Norway;5;Gasoline;0
2033;Norway;5;LPG;0
2034;Norway;5;BEV;1
2034;Norway;5;CNG;0
2034;Norway;5;D-HEV;0
2034;Norway;5;Diesel;0
2034;Norway;5;FCEV;0
2034;Norway;5;G-HEV;0
2034;Norway;5;G-PHEV;0
2034;Norway;5;Gasoline;0
2034;Norway;5;LPG;0
2035;Norway;5;BEV;1
2035;Norway;5;CNG;0
2035;Norway;5;D-HEV;0
2035;Norway;5;Diesel;0
2035;Norway;5;FCEV;0
2035;Norway;5;G-HEV;0
2035;Norway;5;G-PHEV;0
2035;Norway;5;Gasoline;0
2035;Norway;5;LPG;0
2036;Norway;5;BEV;1
2036;Norway;5;CNG;0
2036;Norway;5;D-HEV;0
2036;Norway;5;Diesel;0
2036;Norway;5;FCEV;0
2036;Norway;5;G-HEV;0
2036;Norway;5;G-PHEV;0
2036;Norway;5;Gasoline;0
2036;Norway;5;LPG;0
2037;Norway;5;BEV;1
2037;Norway;5;CNG;0
2037;Norway;5;D-HEV;0
2037;Norway;5;Diesel;0
2037;Norway;5;FCEV;0
2037;Norway;5;G-HEV;0
2037;Norway;5;G-PHEV;0
2037;Norway;5;Gasoline;0
2037;Norway;5;LPG;0
2038;Norway;5;BEV;1
2038;Norway;5;CNG;0
2038;Norway;5;D-HEV;0
2038;Norway;5;Diesel;0
2038;Norway;5;FCEV;0
2038;Norway;5;G-HEV;0
2038;Norway;5;G-PHEV;0
2038;Norway;5;Gasoline;0
2038;Norway;5;LPG;0
2039;Norway;5;BEV;1
2039;Norway;5;CNG;0
2039;Norway;5;D-HEV;0
2039;Norway;5;Diesel;0
2039;Norway;5;FCEV;0
2039;Norway;5;G-HEV;0
2039;Norway;5;G-PHEV;0
2039;Norway;5;Gasoline;0
2039;Norway;5;LPG;0
2040;Norway;5;BEV;1
2040;Norway;5;CNG;0
2040;Norway;5;D-HEV;0
2040;Norway;5;Diesel;0
2040;Norway;5;FCEV;0
2040;Norway;5;G-HEV;0
2040;Norway;5;G-PHEV;0
2040;Norway;5;Gasoline;0
2040;Norway;5;LPG;0
1976;Poland;1;BEV;0
1976;Poland;1;CNG;0
1976;Poland;1;Diesel;0,121796308
1976;Poland;1;FCEV;0
1976;Poland;1;G-HEV;0
1976;Poland;1;G-PHEV;0
1976;Poland;1;Gasoline;0,878203692
1976;Poland;1;LPG;0
1976;Poland;1;D-HEV;0
1977;Poland;1;BEV;0
1977;Poland;1;CNG;0
1977;Poland;1;Diesel;0,121796308
1977;Poland;1;FCEV;0
1977;Poland;1;G-HEV;0
1977;Poland;1;G-PHEV;0
1977;Poland;1;Gasoline;0,878203692
1977;Poland;1;LPG;0
1977;Poland;1;D-HEV;0
1978;Poland;1;BEV;0
1978;Poland;1;CNG;0
1978;Poland;1;Diesel;0,121796308
1978;Poland;1;FCEV;0
1978;Poland;1;G-HEV;0
1978;Poland;1;G-PHEV;0
1978;Poland;1;Gasoline;0,878203692
1978;Poland;1;LPG;0
1978;Poland;1;D-HEV;0
1979;Poland;1;BEV;0
1979;Poland;1;CNG;0
1979;Poland;1;Diesel;0,121796308
1979;Poland;1;FCEV;0
1979;Poland;1;G-HEV;0
1979;Poland;1;G-PHEV;0
1979;Poland;1;Gasoline;0,878203692
1979;Poland;1;LPG;0
1979;Poland;1;D-HEV;0
1980;Poland;1;BEV;0
1980;Poland;1;CNG;0
1980;Poland;1;Diesel;0,121796308
1980;Poland;1;FCEV;0
1980;Poland;1;G-HEV;0
1980;Poland;1;G-PHEV;0
1980;Poland;1;Gasoline;0,878203692
1980;Poland;1;LPG;0
1980;Poland;1;D-HEV;0
1981;Poland;1;BEV;0
1981;Poland;1;CNG;0
1981;Poland;1;Diesel;0,121796308
1981;Poland;1;FCEV;0
1981;Poland;1;G-HEV;0
1981;Poland;1;G-PHEV;0
1981;Poland;1;Gasoline;0,878203692
1981;Poland;1;LPG;0
1981;Poland;1;D-HEV;0
1982;Poland;1;BEV;0
1982;Poland;1;CNG;0
1982;Poland;1;Diesel;0,121796308
1982;Poland;1;FCEV;0
1982;Poland;1;G-HEV;0
1982;Poland;1;G-PHEV;0
1982;Poland;1;Gasoline;0,878203692
1982;Poland;1;LPG;0
1982;Poland;1;D-HEV;0
1983;Poland;1;BEV;0
1983;Poland;1;CNG;0
1983;Poland;1;Diesel;0,121796308
1983;Poland;1;FCEV;0
1983;Poland;1;G-HEV;0
1983;Poland;1;G-PHEV;0
1983;Poland;1;Gasoline;0,878203692
1983;Poland;1;LPG;0
1983;Poland;1;D-HEV;0
1984;Poland;1;BEV;0
1984;Poland;1;CNG;0
1984;Poland;1;Diesel;0,121796308
1984;Poland;1;FCEV;0
1984;Poland;1;G-HEV;0
1984;Poland;1;G-PHEV;0
1984;Poland;1;Gasoline;0,878203692
1984;Poland;1;LPG;0
1984;Poland;1;D-HEV;0
1985;Poland;1;BEV;0
1985;Poland;1;CNG;0
1985;Poland;1;Diesel;0,121796308
1985;Poland;1;FCEV;0
1985;Poland;1;G-HEV;0
1985;Poland;1;G-PHEV;0
1985;Poland;1;Gasoline;0,878203692
1985;Poland;1;LPG;0
1985;Poland;1;D-HEV;0
1986;Poland;1;BEV;0
1986;Poland;1;CNG;0
1986;Poland;1;Diesel;0,121796308
1986;Poland;1;FCEV;0
1986;Poland;1;G-HEV;0
1986;Poland;1;G-PHEV;0
1986;Poland;1;Gasoline;0,878203692
1986;Poland;1;LPG;0
1986;Poland;1;D-HEV;0
1987;Poland;1;BEV;0
1987;Poland;1;CNG;0
1987;Poland;1;Diesel;0,121796308
1987;Poland;1;FCEV;0
1987;Poland;1;G-HEV;0
1987;Poland;1;G-PHEV;0
1987;Poland;1;Gasoline;0,878203692
1987;Poland;1;LPG;0
1987;Poland;1;D-HEV;0
1988;Poland;1;BEV;0
1988;Poland;1;CNG;0
1988;Poland;1;Diesel;0,121796308
1988;Poland;1;FCEV;0
1988;Poland;1;G-HEV;0
1988;Poland;1;G-PHEV;0
1988;Poland;1;Gasoline;0,878203692
1988;Poland;1;LPG;0
1988;Poland;1;D-HEV;0
1989;Poland;1;BEV;0
1989;Poland;1;CNG;0
1989;Poland;1;Diesel;0,121796308
1989;Poland;1;FCEV;0
1989;Poland;1;G-HEV;0
1989;Poland;1;G-PHEV;0
1989;Poland;1;Gasoline;0,878203692
1989;Poland;1;LPG;0
1989;Poland;1;D-HEV;0
1990;Poland;1;BEV;0
1990;Poland;1;CNG;0
1990;Poland;1;Diesel;0,121796308
1990;Poland;1;FCEV;0
1990;Poland;1;G-HEV;0
1990;Poland;1;G-PHEV;0
1990;Poland;1;Gasoline;0,878203692
1990;Poland;1;LPG;0
1990;Poland;1;D-HEV;0
1991;Poland;1;BEV;0
1991;Poland;1;CNG;0
1991;Poland;1;Diesel;0,121796308
1991;Poland;1;FCEV;0
1991;Poland;1;G-HEV;0
1991;Poland;1;G-PHEV;0
1991;Poland;1;Gasoline;0,878203692
1991;Poland;1;LPG;0
1991;Poland;1;D-HEV;0
1992;Poland;1;BEV;0
1992;Poland;1;CNG;0
1992;Poland;1;Diesel;0,121796308
1992;Poland;1;FCEV;0
1992;Poland;1;G-HEV;0
1992;Poland;1;G-PHEV;0
1992;Poland;1;Gasoline;0,878203692
1992;Poland;1;LPG;0
1992;Poland;1;D-HEV;0
1993;Poland;1;BEV;0
1993;Poland;1;CNG;0
1993;Poland;1;Diesel;0,121796308
1993;Poland;1;FCEV;0
1993;Poland;1;G-HEV;0
1993;Poland;1;G-PHEV;0
1993;Poland;1;Gasoline;0,878203692
1993;Poland;1;LPG;0
1993;Poland;1;D-HEV;0
1994;Poland;1;BEV;0
1994;Poland;1;CNG;0
1994;Poland;1;Diesel;0,121796308
1994;Poland;1;FCEV;0
1994;Poland;1;G-HEV;0
1994;Poland;1;G-PHEV;0
1994;Poland;1;Gasoline;0,878203692
1994;Poland;1;LPG;0
1994;Poland;1;D-HEV;0
1995;Poland;1;BEV;0
1995;Poland;1;CNG;0
1995;Poland;1;Diesel;0,121796308
1995;Poland;1;FCEV;0
1995;Poland;1;G-HEV;0
1995;Poland;1;G-PHEV;0
1995;Poland;1;Gasoline;0,878203692
1995;Poland;1;LPG;0
1995;Poland;1;D-HEV;0
1996;Poland;1;BEV;0
1996;Poland;1;CNG;0
1996;Poland;1;Diesel;0,122129787
1996;Poland;1;FCEV;0
1996;Poland;1;G-HEV;0
1996;Poland;1;G-PHEV;0
1996;Poland;1;Gasoline;0,877870213
1996;Poland;1;LPG;0
1996;Poland;1;D-HEV;0
1997;Poland;1;BEV;0
1997;Poland;1;CNG;0
1997;Poland;1;Diesel;0,09973347
1997;Poland;1;FCEV;0
1997;Poland;1;G-HEV;0
1997;Poland;1;G-PHEV;0
1997;Poland;1;Gasoline;0,90026653
1997;Poland;1;LPG;0
1997;Poland;1;D-HEV;0
1998;Poland;1;BEV;0
1998;Poland;1;CNG;0
1998;Poland;1;Diesel;0,061679901
1998;Poland;1;FCEV;0
1998;Poland;1;G-HEV;0
1998;Poland;1;G-PHEV;0
1998;Poland;1;Gasoline;0,938320099
1998;Poland;1;LPG;0
1998;Poland;1;D-HEV;0
1999;Poland;1;BEV;0
1999;Poland;1;CNG;0
1999;Poland;1;Diesel;0,074159366
1999;Poland;1;FCEV;0
1999;Poland;1;G-HEV;0
1999;Poland;1;G-PHEV;0
1999;Poland;1;Gasoline;0,925840634
1999;Poland;1;LPG;0
1999;Poland;1;D-HEV;0
2000;Poland;1;BEV;0
2000;Poland;1;CNG;0
2000;Poland;1;Diesel;0,1139357
2000;Poland;1;FCEV;0
2000;Poland;1;G-HEV;0
2000;Poland;1;G-PHEV;0
2000;Poland;1;Gasoline;0,8860643
2000;Poland;1;LPG;0
2000;Poland;1;D-HEV;0
2001;Poland;1;BEV;0
2001;Poland;1;CNG;0
2001;Poland;1;Diesel;0,15579822
2001;Poland;1;FCEV;0
2001;Poland;1;G-HEV;0
2001;Poland;1;G-PHEV;0
2001;Poland;1;Gasoline;0,84420178
2001;Poland;1;LPG;0
2001;Poland;1;D-HEV;0
2002;Poland;1;BEV;0
2002;Poland;1;CNG;0
2002;Poland;1;Diesel;0,148681057
2002;Poland;1;FCEV;0
2002;Poland;1;G-HEV;0
2002;Poland;1;G-PHEV;0
2002;Poland;1;Gasoline;0,851318943
2002;Poland;1;LPG;0
2002;Poland;1;D-HEV;0
2003;Poland;1;BEV;0
2003;Poland;1;CNG;0
2003;Poland;1;Diesel;0,141563894
2003;Poland;1;FCEV;0
2003;Poland;1;G-HEV;0
2003;Poland;1;G-PHEV;0
2003;Poland;1;Gasoline;0,843351973
2003;Poland;1;LPG;0,015084133
2003;Poland;1;D-HEV;0
2004;Poland;1;BEV;0
2004;Poland;1;CNG;0
2004;Poland;1;Diesel;0,177150396
2004;Poland;1;FCEV;0
2004;Poland;1;G-HEV;0
2004;Poland;1;G-PHEV;0
2004;Poland;1;Gasoline;0,734778595
2004;Poland;1;LPG;0,088071009
2004;Poland;1;D-HEV;0
2005;Poland;1;BEV;0
2005;Poland;1;CNG;0
2005;Poland;1;Diesel;0,273005734
2005;Poland;1;FCEV;0
2005;Poland;1;G-HEV;0,000426098
2005;Poland;1;G-PHEV;0
2005;Poland;1;Gasoline;0,604078938
2005;Poland;1;LPG;0,12248923
2005;Poland;1;D-HEV;0
2006;Poland;1;BEV;0
2006;Poland;1;CNG;0
2006;Poland;1;Diesel;0,346754595
2006;Poland;1;FCEV;0
2006;Poland;1;G-HEV;0,000629864
2006;Poland;1;G-PHEV;0
2006;Poland;1;Gasoline;0,590799075
2006;Poland;1;LPG;0,061816466
2006;Poland;1;D-HEV;0
2007;Poland;1;BEV;0
2007;Poland;1;CNG;0
2007;Poland;1;Diesel;0,428094134
2007;Poland;1;FCEV;0
2007;Poland;1;G-HEV;0,000769846
2007;Poland;1;G-PHEV;0
2007;Poland;1;Gasoline;0,513781614
2007;Poland;1;LPG;0,057354406
2007;Poland;1;D-HEV;0
2008;Poland;1;BEV;0
2008;Poland;1;CNG;0
2008;Poland;1;Diesel;0,506787659
2008;Poland;1;FCEV;0
2008;Poland;1;G-HEV;0,001058304
2008;Poland;1;G-PHEV;0
2008;Poland;1;Gasoline;0,450670646
2008;Poland;1;LPG;0,041483391
2008;Poland;1;D-HEV;0
2009;Poland;1;BEV;0
2009;Poland;1;CNG;0
2009;Poland;1;Diesel;0,545196952
2009;Poland;1;FCEV;0
2009;Poland;1;G-HEV;0,001586633
2009;Poland;1;G-PHEV;0
2009;Poland;1;Gasoline;0,412711726
2009;Poland;1;LPG;0,040504689
2009;Poland;1;D-HEV;0
2010;Poland;1;BEV;0
2010;Poland;1;CNG;0
2010;Poland;1;Diesel;0,549511051
2010;Poland;1;FCEV;0
2010;Poland;1;G-HEV;0,002285148
2010;Poland;1;G-PHEV;0
2010;Poland;1;Gasoline;0,40427746
2010;Poland;1;LPG;0,04392634
2010;Poland;1;D-HEV;0
2011;Poland;1;BEV;0,000100229
2011;Poland;1;CNG;0
2011;Poland;1;Diesel;0,525511682
2011;Poland;1;FCEV;0
2011;Poland;1;G-HEV;0,003836754
2011;Poland;1;G-PHEV;0
2011;Poland;1;Gasoline;0,419225317
2011;Poland;1;LPG;0,051326017
2011;Poland;1;D-HEV;0
2012;Poland;1;BEV;0,000100182
2012;Poland;1;CNG;0
2012;Poland;1;Diesel;0,496010589
2012;Poland;1;FCEV;0
2012;Poland;1;G-HEV;0,006329636
2012;Poland;1;G-PHEV;0
2012;Poland;1;Gasoline;0,432786119
2012;Poland;1;LPG;0,064773475
2012;Poland;1;D-HEV;0
2013;Poland;1;BEV;0,000099
2013;Poland;1;CNG;0,000269283
2013;Poland;1;Diesel;0,473873998
2013;Poland;1;FCEV;0
2013;Poland;1;G-HEV;0,008899716
2013;Poland;1;G-PHEV;0
2013;Poland;1;Gasoline;0,44713906
2013;Poland;1;LPG;0,069718944
2013;Poland;1;D-HEV;0
2014;Poland;1;BEV;0,000297718
2014;Poland;1;CNG;0,000288279
2014;Poland;1;Diesel;0,449568441
2014;Poland;1;FCEV;0
2014;Poland;1;G-HEV;0,011857234
2014;Poland;1;G-PHEV;0,0000992
2014;Poland;1;Gasoline;0,469114656
2014;Poland;1;LPG;0,068774473
2014;Poland;1;D-HEV;0
2015;Poland;1;BEV;0,000300128
2015;Poland;1;CNG;0,000275861
2015;Poland;1;Diesel;0,419907011
2015;Poland;1;FCEV;0
2015;Poland;1;G-HEV;0,015849457
2015;Poland;1;G-PHEV;0,000400171
2015;Poland;1;Gasoline;0,485470312
2015;Poland;1;LPG;0,077797061
2015;Poland;1;D-HEV;0
2016;Poland;1;BEV;0,000400297
2016;Poland;1;CNG;0,000256378
2016;Poland;1;Diesel;0,389744871
2016;Poland;1;FCEV;0
2016;Poland;1;G-HEV;0,024041164
2016;Poland;1;G-PHEV;0,000300223
2016;Poland;1;Gasoline;0,508479499
2016;Poland;1;LPG;0,076777568
2016;Poland;1;D-HEV;0
2017;Poland;1;BEV;0,001000668
2017;Poland;1;CNG;0,000234144
2017;Poland;1;Diesel;0,374114949
2017;Poland;1;FCEV;0
2017;Poland;1;G-HEV;0,035287627
2017;Poland;1;G-PHEV;0,000800534
2017;Poland;1;Gasoline;0,510482325
2017;Poland;1;LPG;0,078079754
2017;Poland;1;D-HEV;0
2018;Poland;1;BEV;0,001300302
2018;Poland;1;CNG;0,00021883
2018;Poland;1;Diesel;0,375297483
2018;Poland;1;FCEV;0
2018;Poland;1;G-HEV;0,044984802
2018;Poland;1;G-PHEV;0,001100255
2018;Poland;1;Gasoline;0,501090099
2018;Poland;1;LPG;0,076008227
2018;Poland;1;D-HEV;0
2019;Poland;1;BEV;0,002602289
2019;Poland;1;CNG;0,000498973
2019;Poland;1;Diesel;0,34304182
2019;Poland;1;FCEV;0
2019;Poland;1;G-HEV;0,075599973
2019;Poland;1;G-PHEV;0,002101849
2019;Poland;1;Gasoline;0,561720531
2019;Poland;1;LPG;0,014434566
2019;Poland;1;D-HEV;0
2020;Poland;1;BEV;0,00835829
2020;Poland;1;CNG;0,000404723
2020;Poland;1;Diesel;0,350497044
2020;Poland;1;FCEV;0
2020;Poland;1;G-HEV;0,154601694
2020;Poland;1;G-PHEV;0,009913321
2020;Poland;1;Gasoline;0,454948037
2020;Poland;1;LPG;0,021276891
2020;Poland;1;D-HEV;0
2021;Poland;1;BEV;0,016001951
2021;Poland;1;CNG;1,11E-05
2021;Poland;1;Diesel;0,322861547
2021;Poland;1;FCEV;0,000200024
2021;Poland;1;G-HEV;0,291971751
2021;Poland;1;G-PHEV;0,020402487
2021;Poland;1;Gasoline;0,318606448
2021;Poland;1;LPG;0,029944702
2021;Poland;1;D-HEV;0
2022;Poland;1;BEV;0,006421119
2022;Poland;1;CNG;0
2022;Poland;1;D-HEV;0
2022;Poland;1;Diesel;0,141171714
2022;Poland;1;FCEV;0
2022;Poland;1;G-HEV;0,010205889
2022;Poland;1;G-PHEV;0,084518862
2022;Poland;1;Gasoline;0,757682415
2022;Poland;1;LPG;0
2023;Poland;1;BEV;0,010632854
2023;Poland;1;CNG;0
2023;Poland;1;D-HEV;0
2023;Poland;1;Diesel;0,120177894
2023;Poland;1;FCEV;0
2023;Poland;1;G-HEV;0,048463559
2023;Poland;1;G-PHEV;0,084140595
2023;Poland;1;Gasoline;0,736585098
2023;Poland;1;LPG;0
2024;Poland;1;BEV;0,063497878
2024;Poland;1;CNG;0
2024;Poland;1;D-HEV;0
2024;Poland;1;Diesel;0,099194449
2024;Poland;1;FCEV;0
2024;Poland;1;G-HEV;0,065421211
2024;Poland;1;G-PHEV;0,075058184
2024;Poland;1;Gasoline;0,696828278
2024;Poland;1;LPG;0
2025;Poland;1;BEV;0,174373034
2025;Poland;1;CNG;0
2025;Poland;1;D-HEV;0
2025;Poland;1;Diesel;0,078221369
2025;Poland;1;FCEV;0
2025;Poland;1;G-HEV;0,038006711
2025;Poland;1;G-PHEV;0,074283643
2025;Poland;1;Gasoline;0,635115243
2025;Poland;1;LPG;0
2026;Poland;1;BEV;0,14885788
2026;Poland;1;CNG;0
2026;Poland;1;D-HEV;0
2026;Poland;1;Diesel;0,057258643
2026;Poland;1;FCEV;0
2026;Poland;1;G-HEV;0,089555567
2026;Poland;1;G-PHEV;0,114732433
2026;Poland;1;Gasoline;0,589595476
2026;Poland;1;LPG;0
2027;Poland;1;BEV;0,159738189
2027;Poland;1;CNG;0
2027;Poland;1;D-HEV;0
2027;Poland;1;Diesel;0,036306262
2027;Poland;1;FCEV;0
2027;Poland;1;G-HEV;0,025901435
2027;Poland;1;G-PHEV;0,122022988
2027;Poland;1;Gasoline;0,656031126
2027;Poland;1;LPG;0
2028;Poland;1;BEV;0,206444281
2028;Poland;1;CNG;0
2028;Poland;1;D-HEV;0
2028;Poland;1;Diesel;0,015364214
2028;Poland;1;FCEV;0,000510032
2028;Poland;1;G-HEV;0,005344169
2028;Poland;1;G-PHEV;0,124816628
2028;Poland;1;Gasoline;0,647520676
2028;Poland;1;LPG;0
2029;Poland;1;BEV;0,267462615
2029;Poland;1;CNG;0
2029;Poland;1;D-HEV;0
2029;Poland;1;Diesel;0
2029;Poland;1;FCEV;0,000510032
2029;Poland;1;G-HEV;0,000754182
2029;Poland;1;G-PHEV;0,135721786
2029;Poland;1;Gasoline;0,595551385
2029;Poland;1;LPG;0
2030;Poland;1;BEV;0,35310505
2030;Poland;1;CNG;0
2030;Poland;1;D-HEV;0
2030;Poland;1;Diesel;0
2030;Poland;1;FCEV;0,000510032
2030;Poland;1;G-HEV;0
2030;Poland;1;G-PHEV;0,098519469
2030;Poland;1;Gasoline;0,547865449
2030;Poland;1;LPG;0
2031;Poland;1;BEV;0,418643836
2031;Poland;1;CNG;0
2031;Poland;1;D-HEV;0
2031;Poland;1;Diesel;0
2031;Poland;1;FCEV;0,000860545
2031;Poland;1;G-HEV;0
2031;Poland;1;G-PHEV;0,100847726
2031;Poland;1;Gasoline;0,479647893
2031;Poland;1;LPG;0
2032;Poland;1;BEV;0,518384125
2032;Poland;1;CNG;0
2032;Poland;1;D-HEV;0
2032;Poland;1;Diesel;0
2032;Poland;1;FCEV;0,000860545
2032;Poland;1;G-HEV;0
2032;Poland;1;G-PHEV;0,094510803
2032;Poland;1;Gasoline;0,386244527
2032;Poland;1;LPG;0
2033;Poland;1;BEV;0,648363871
2033;Poland;1;CNG;0
2033;Poland;1;D-HEV;0
2033;Poland;1;Diesel;0
2033;Poland;1;FCEV;0,000860545
2033;Poland;1;G-HEV;0
2033;Poland;1;G-PHEV;0,076898965
2033;Poland;1;Gasoline;0,273876619
2033;Poland;1;LPG;0
2034;Poland;1;BEV;0,749624592
2034;Poland;1;CNG;0
2034;Poland;1;D-HEV;0
2034;Poland;1;Diesel;0
2034;Poland;1;FCEV;0,001107694
2034;Poland;1;G-HEV;0
2034;Poland;1;G-PHEV;0,073265915
2034;Poland;1;Gasoline;0,1760018
2034;Poland;1;LPG;0
2035;Poland;1;BEV;0,998892306
2035;Poland;1;CNG;0
2035;Poland;1;D-HEV;0
2035;Poland;1;Diesel;0
2035;Poland;1;FCEV;0,001107694
2035;Poland;1;G-HEV;0
2035;Poland;1;G-PHEV;0
2035;Poland;1;Gasoline;0
2035;Poland;1;LPG;0
2036;Poland;1;BEV;0,998892306
2036;Poland;1;CNG;0
2036;Poland;1;D-HEV;0
2036;Poland;1;Diesel;0
2036;Poland;1;FCEV;0,001107694
2036;Poland;1;G-HEV;0
2036;Poland;1;G-PHEV;0
2036;Poland;1;Gasoline;0
2036;Poland;1;LPG;0
2037;Poland;1;BEV;0,998892306
2037;Poland;1;CNG;0
2037;Poland;1;D-HEV;0
2037;Poland;1;Diesel;0
2037;Poland;1;FCEV;0,001107694
2037;Poland;1;G-HEV;0
2037;Poland;1;G-PHEV;0
2037;Poland;1;Gasoline;0
2037;Poland;1;LPG;0
2038;Poland;1;BEV;0,998892306
2038;Poland;1;CNG;0
2038;Poland;1;D-HEV;0
2038;Poland;1;Diesel;0
2038;Poland;1;FCEV;0,001107694
2038;Poland;1;G-HEV;0
2038;Poland;1;G-PHEV;0
2038;Poland;1;Gasoline;0
2038;Poland;1;LPG;0
2039;Poland;1;BEV;0,997213612
2039;Poland;1;CNG;0
2039;Poland;1;D-HEV;0
2039;Poland;1;Diesel;0
2039;Poland;1;FCEV;0,002786388
2039;Poland;1;G-HEV;0
2039;Poland;1;G-PHEV;0
2039;Poland;1;Gasoline;0
2039;Poland;1;LPG;0
2040;Poland;1;BEV;0,995722637
2040;Poland;1;CNG;0
2040;Poland;1;D-HEV;0
2040;Poland;1;Diesel;0
2040;Poland;1;FCEV;0,004277363
2040;Poland;1;G-HEV;0
2040;Poland;1;G-PHEV;0
2040;Poland;1;Gasoline;0
2040;Poland;1;LPG;0
